Id,OwnerId,IsDeleted,Name,CreatedDate,CreatedById,LastModifiedDate,LastModifiedById,SystemModstamp,LastViewedDate,LastReferencedDate
a005D000005H0d8QAC,0055D0000035mZTQAY,,水野敬也,2020-02-28T12:15:28.000+0000,0055D0000035mZTQAY,2020-02-28T12:15:28.000+0000,0055D0000035mZTQAY,2020-02-28T12:15:28.000+0000,2020-02-28T12:42:50.000+0000,2020-02-28T12:42:50.000+0000
a005D000005H0dEQAS,0055D0000035mZTQAY,,平川 学,2020-02-28T12:41:18.000+0000,0055D0000035mZTQAY,2020-02-28T12:41:18.000+0000,0055D0000035mZTQAY,2020-02-28T12:41:18.000+0000,2020-02-28T12:41:18.000+0000,2020-02-28T12:41:18.000+0000
a005D000005H0dFQAS,0055D0000035mZTQAY,,長谷 正,2020-02-28T12:41:18.000+0000,0055D0000035mZTQAY,2020-02-28T12:41:18.000+0000,0055D0000035mZTQAY,2020-02-28T12:41:18.000+0000,2020-02-28T12:41:18.000+0000,2020-02-28T12:41:18.000+0000
a005D000005H0dGQAS,0055D0000035mZTQAY,,北條 克也,2020-02-28T12:41:18.000+0000,0055D0000035mZTQAY,2020-02-28T12:41:18.000+0000,0055D0000035mZTQAY,2020-02-28T12:41:18.000+0000,2020-02-28T12:41:18.000+0000,2020-02-28T12:41:18.000+0000
a005D000005H0dHQAS,0055D0000035mZTQAY,,加瀬 隆広,2020-02-28T12:41:18.000+0000,0055D0000035mZTQAY,2020-02-28T12:41:18.000+0000,0055D0000035mZTQAY,2020-02-28T12:41:18.000+0000,2020-02-28T12:41:18.000+0000,2020-02-28T12:41:18.000+0000
a005D000005H0dIQAS,0055D0000035mZTQAY,,嶌田 陽,2020-02-28T12:41:18.000+0000,0055D0000035mZTQAY,2020-02-28T12:41:18.000+0000,0055D0000035mZTQAY,2020-02-28T12:41:18.000+0000,2020-02-28T12:41:18.000+0000,2020-02-28T12:41:18.000+0000
a005D000005H0dJQAS,0055D0000035mZTQAY,,國田 研一,2020-02-28T12:41:18.000+0000,0055D0000035mZTQAY,2020-02-28T12:41:18.000+0000,0055D0000035mZTQAY,2020-02-28T12:41:18.000+0000,2020-02-28T12:41:18.000+0000,2020-02-28T12:41:18.000+0000
a005D000005H0dKQAS,0055D0000035mZTQAY,,長谷山 博道,2020-02-28T12:41:18.000+0000,0055D0000035mZTQAY,2020-02-28T12:41:18.000+0000,0055D0000035mZTQAY,2020-02-28T12:41:18.000+0000,2020-02-28T12:41:18.000+0000,2020-02-28T12:41:18.000+0000
a005D000005H0dLQAS,0055D0000035mZTQAY,,氷室 佳典,2020-02-28T12:41:18.000+0000,0055D0000035mZTQAY,2020-02-28T12:41:18.000+0000,0055D0000035mZTQAY,2020-02-28T12:41:18.000+0000,2020-02-28T12:41:18.000+0000,2020-02-28T12:41:18.000+0000
a005D000005H0dMQAS,0055D0000035mZTQAY,,鷲巣 龍治,2020-02-28T12:41:18.000+0000,0055D0000035mZTQAY,2020-02-28T12:41:18.000+0000,0055D0000035mZTQAY,2020-02-28T12:41:18.000+0000,2020-02-28T12:41:18.000+0000,2020-02-28T12:41:18.000+0000
a005D000005H0dNQAS,0055D0000035mZTQAY,,古家 一志,2020-02-28T12:41:18.000+0000,0055D0000035mZTQAY,2020-02-28T12:41:18.000+0000,0055D0000035mZTQAY,2020-02-28T12:41:18.000+0000,2020-02-28T12:41:18.000+0000,2020-02-28T12:41:18.000+0000
a005D000005H0dOQAS,0055D0000035mZTQAY,,萬田 直記,2020-02-28T12:41:18.000+0000,0055D0000035mZTQAY,2020-02-28T12:41:18.000+0000,0055D0000035mZTQAY,2020-02-28T12:41:18.000+0000,2020-02-28T12:41:18.000+0000,2020-02-28T12:41:18.000+0000
a005D000005H0dPQAS,0055D0000035mZTQAY,,栗川 郁弥,2020-02-28T12:41:18.000+0000,0055D0000035mZTQAY,2020-02-28T12:41:18.000+0000,0055D0000035mZTQAY,2020-02-28T12:41:18.000+0000,2020-02-28T12:41:18.000+0000,2020-02-28T12:41:18.000+0000
a005D000005H0dQQAS,0055D0000035mZTQAY,,山東 正貴,2020-02-28T12:41:18.000+0000,0055D0000035mZTQAY,2020-02-28T12:41:18.000+0000,0055D0000035mZTQAY,2020-02-28T12:41:18.000+0000,2020-02-28T12:41:18.000+0000,2020-02-28T12:41:18.000+0000
a005D000005H0dRQAS,0055D0000035mZTQAY,,粉川 直登,2020-02-28T12:41:18.000+0000,0055D0000035mZTQAY,2020-02-28T12:41:18.000+0000,0055D0000035mZTQAY,2020-02-28T12:41:18.000+0000,2020-02-28T12:41:18.000+0000,2020-02-28T12:41:18.000+0000
a005D000005H0dSQAS,0055D0000035mZTQAY,,羽生田 祥司,2020-02-28T12:41:18.000+0000,0055D0000035mZTQAY,2020-02-28T12:41:18.000+0000,0055D0000035mZTQAY,2020-02-28T12:41:18.000+0000,2020-02-28T12:42:14.000+0000,2020-02-28T12:42:14.000+0000
a005D000005H0dTQAS,0055D0000035mZTQAY,,白武 信人,2020-02-28T12:41:18.000+0000,0055D0000035mZTQAY,2020-02-28T12:41:18.000+0000,0055D0000035mZTQAY,2020-02-28T12:41:18.000+0000,2020-02-28T12:41:18.000+0000,2020-02-28T12:41:18.000+0000
a005D000005H0dUQAS,0055D0000035mZTQAY,,月山 俊史,2020-02-28T12:41:18.000+0000,0055D0000035mZTQAY,2020-02-28T12:41:18.000+0000,0055D0000035mZTQAY,2020-02-28T12:41:18.000+0000,2020-02-28T12:41:18.000+0000,2020-02-28T12:41:18.000+0000
a005D000005H0dVQAS,0055D0000035mZTQAY,,増 耕輔,2020-02-28T12:41:18.000+0000,0055D0000035mZTQAY,2020-02-28T12:41:18.000+0000,0055D0000035mZTQAY,2020-02-28T12:41:18.000+0000,2020-02-28T12:41:18.000+0000,2020-02-28T12:41:18.000+0000
a005D000005H0dWQAS,0055D0000035mZTQAY,,大穂 大策,2020-02-28T12:41:18.000+0000,0055D0000035mZTQAY,2020-02-28T12:41:18.000+0000,0055D0000035mZTQAY,2020-02-28T12:41:18.000+0000,2020-02-28T12:41:18.000+0000,2020-02-28T12:41:18.000+0000
a005D000005H0dXQAS,0055D0000035mZTQAY,,角地 浩正,2020-02-28T12:41:18.000+0000,0055D0000035mZTQAY,2020-02-28T12:41:18.000+0000,0055D0000035mZTQAY,2020-02-28T12:41:18.000+0000,2020-02-28T12:41:18.000+0000,2020-02-28T12:41:18.000+0000
a005D000005H0dYQAS,0055D0000035mZTQAY,,島嵜 幸輔,2020-02-28T12:41:18.000+0000,0055D0000035mZTQAY,2020-02-28T12:41:18.000+0000,0055D0000035mZTQAY,2020-02-28T12:41:18.000+0000,2020-02-28T13:27:56.000+0000,2020-02-28T13:27:56.000+0000
a005D000005H0dZQAS,0055D0000035mZTQAY,,今戸 孔明,2020-02-28T12:41:18.000+0000,0055D0000035mZTQAY,2020-02-28T12:41:18.000+0000,0055D0000035mZTQAY,2020-02-28T12:41:18.000+0000,2020-02-28T12:41:18.000+0000,2020-02-28T12:41:18.000+0000
a005D000005H0daQAC,0055D0000035mZTQAY,,紺藤 豪太,2020-02-28T12:41:18.000+0000,0055D0000035mZTQAY,2020-02-28T12:41:18.000+0000,0055D0000035mZTQAY,2020-02-28T12:41:18.000+0000,2020-02-28T12:41:18.000+0000,2020-02-28T12:41:18.000+0000
a005D000005H0dbQAC,0055D0000035mZTQAY,,栃木 昭憲,2020-02-28T12:41:18.000+0000,0055D0000035mZTQAY,2020-02-28T12:41:18.000+0000,0055D0000035mZTQAY,2020-02-28T12:41:18.000+0000,2020-02-28T13:30:51.000+0000,2020-02-28T13:30:51.000+0000
a005D000005H0dcQAC,0055D0000035mZTQAY,,曾我廼家 正教,2020-02-28T12:41:18.000+0000,0055D0000035mZTQAY,2020-02-28T12:41:18.000+0000,0055D0000035mZTQAY,2020-02-28T12:41:18.000+0000,2020-02-28T12:41:18.000+0000,2020-02-28T12:41:18.000+0000
a005D000005H0ddQAC,0055D0000035mZTQAY,,金木 裕則,2020-02-28T12:41:18.000+0000,0055D0000035mZTQAY,2020-02-28T12:41:18.000+0000,0055D0000035mZTQAY,2020-02-28T12:41:18.000+0000,2020-02-28T12:41:18.000+0000,2020-02-28T12:41:18.000+0000
a005D000005H0deQAC,0055D0000035mZTQAY,,閻魔 節,2020-02-28T12:41:18.000+0000,0055D0000035mZTQAY,2020-02-28T12:41:18.000+0000,0055D0000035mZTQAY,2020-02-28T12:41:18.000+0000,2020-02-28T12:41:18.000+0000,2020-02-28T12:41:18.000+0000
a005D000005H0dfQAC,0055D0000035mZTQAY,,行田 政宗,2020-02-28T12:41:18.000+0000,0055D0000035mZTQAY,2020-02-28T12:41:18.000+0000,0055D0000035mZTQAY,2020-02-28T12:41:18.000+0000,2020-02-28T12:41:18.000+0000,2020-02-28T12:41:18.000+0000
a005D000005H0dgQAC,0055D0000035mZTQAY,,浦久保 伸光,2020-02-28T12:41:18.000+0000,0055D0000035mZTQAY,2020-02-28T12:41:18.000+0000,0055D0000035mZTQAY,2020-02-28T12:41:18.000+0000,2020-02-28T12:41:18.000+0000,2020-02-28T12:41:18.000+0000
a005D000005H0dhQAC,0055D0000035mZTQAY,,甲地 強,2020-02-28T12:41:18.000+0000,0055D0000035mZTQAY,2020-02-28T12:41:18.000+0000,0055D0000035mZTQAY,2020-02-28T12:41:18.000+0000,2020-02-28T12:41:18.000+0000,2020-02-28T12:41:18.000+0000
