Id,OwnerId,IsDeleted,Name,CreatedDate,CreatedById,LastModifiedDate,LastModifiedById,SystemModstamp,LastViewedDate,LastReferencedDate,ISBN__c,PublicationYear__c,PublisherId__c
a015D00000AOU5eQAH,0055D0000035mZTQAY,,春の杳子,2020-02-28T13:06:34.000+0000,0055D0000035mZTQAY,2020-02-28T13:24:15.000+0000,0055D0000035mZTQAY,2020-02-28T13:24:16.000+0000,,,7807874366188,2005,a025D00000A0aD3QAJ
a015D00000AOU5fQAH,0055D0000035mZTQAY,,乙女の詩,2020-02-28T13:06:34.000+0000,0055D0000035mZTQAY,2020-02-28T13:24:15.000+0000,0055D0000035mZTQAY,2020-02-28T13:24:16.000+0000,,,8066435676335,2003,a025D00000A0aDGQAZ
a015D00000AOU5gQAH,0055D0000035mZTQAY,,小さい諸人往来,2020-02-28T13:06:34.000+0000,0055D0000035mZTQAY,2020-02-28T13:24:15.000+0000,0055D0000035mZTQAY,2020-02-28T13:24:16.000+0000,,,6535011244765,2000,a025D00000A0aDNQAZ
a015D00000AOU8OQAX,0055D0000035mZTQAY,,土のシネマ,2020-02-28T13:06:34.000+0000,0055D0000035mZTQAY,2020-02-28T13:24:15.000+0000,0055D0000035mZTQAY,2020-02-28T13:24:16.000+0000,,,8888284671107,2007,a025D00000A0aDNQAZ
a015D00000AOU8PQAX,0055D0000035mZTQAY,,いつか人へ,2020-02-28T13:06:34.000+0000,0055D0000035mZTQAY,2020-02-28T13:24:15.000+0000,0055D0000035mZTQAY,2020-02-28T13:24:16.000+0000,2020-02-28T13:27:26.000+0000,2020-02-28T13:27:26.000+0000,6238306184074,2003,a025D00000A0aD8QAJ
a015D00000AOU8QQAX,0055D0000035mZTQAY,,九月の閾,2020-02-28T13:06:34.000+0000,0055D0000035mZTQAY,2020-02-28T13:24:15.000+0000,0055D0000035mZTQAY,2020-02-28T13:24:16.000+0000,,,4712107132712,2000,a025D00000A0aD9QAJ
a015D00000AOU8RQAX,0055D0000035mZTQAY,,タイムスリップ大連,2020-02-28T13:06:34.000+0000,0055D0000035mZTQAY,2020-02-28T13:24:15.000+0000,0055D0000035mZTQAY,2020-02-28T13:24:16.000+0000,,,6533131214087,2004,a025D00000A0aDIQAZ
a015D00000AOU8SQAX,0055D0000035mZTQAY,,火垂るの何者,2020-02-28T13:06:34.000+0000,0055D0000035mZTQAY,2020-02-28T13:24:15.000+0000,0055D0000035mZTQAY,2020-02-28T13:24:16.000+0000,,,7623471552627,2002,a025D00000A0aD2QAJ
a015D00000AOU8TQAX,0055D0000035mZTQAY,,山由煕,2020-02-28T13:06:34.000+0000,0055D0000035mZTQAY,2020-02-28T13:24:15.000+0000,0055D0000035mZTQAY,2020-02-28T13:24:16.000+0000,,,0180565546440,2007,a025D00000A0aDIQAZ
a015D00000AOU8UQAX,0055D0000035mZTQAY,,榧の馬車,2020-02-28T13:06:34.000+0000,0055D0000035mZTQAY,2020-02-28T13:24:15.000+0000,0055D0000035mZTQAY,2020-02-28T13:24:16.000+0000,,,7017253121555,2004,a025D00000A0aD6QAJ
a015D00000AOU8VQAX,0055D0000035mZTQAY,,広場の登攀,2020-02-28T13:06:34.000+0000,0055D0000035mZTQAY,2020-02-28T13:24:15.000+0000,0055D0000035mZTQAY,2020-02-28T13:24:16.000+0000,,,1510432641127,2007,a025D00000A0aD3QAJ
a015D00000AOU8WQAX,0055D0000035mZTQAY,,巷談炎環,2020-02-28T13:06:34.000+0000,0055D0000035mZTQAY,2020-02-28T13:24:15.000+0000,0055D0000035mZTQAY,2020-02-28T13:24:16.000+0000,,,3868876737656,2003,a025D00000A0aD7QAJ
a015D00000AOU8XQAX,0055D0000035mZTQAY,,熟れてゆく笹舟,2020-02-28T13:06:34.000+0000,0055D0000035mZTQAY,2020-02-28T13:24:15.000+0000,0055D0000035mZTQAY,2020-02-28T13:24:16.000+0000,,,7451645158866,2003,a025D00000A0aCzQAJ
a015D00000AOU8YQAX,0055D0000035mZTQAY,,夜と霧の首,2020-02-28T13:06:34.000+0000,0055D0000035mZTQAY,2020-02-28T13:24:15.000+0000,0055D0000035mZTQAY,2020-02-28T13:24:16.000+0000,,,5521716814728,2001,a025D00000A0aDJQAZ
a015D00000AOU8ZQAX,0055D0000035mZTQAY,,コシャマイン手紙,2020-02-28T13:06:34.000+0000,0055D0000035mZTQAY,2020-02-28T13:24:15.000+0000,0055D0000035mZTQAY,2020-02-28T13:24:16.000+0000,,,1502826032065,2000,a025D00000A0aCzQAJ
a015D00000AOU8aQAH,0055D0000035mZTQAY,,虹の谷の山河,2020-02-28T13:06:34.000+0000,0055D0000035mZTQAY,2020-02-28T13:24:15.000+0000,0055D0000035mZTQAY,2020-02-28T13:24:16.000+0000,,,3047405166254,2003,a025D00000A0aDKQAZ
a015D00000AOU8bQAH,0055D0000035mZTQAY,,犬さま,2020-02-28T13:06:34.000+0000,0055D0000035mZTQAY,2020-02-28T13:24:15.000+0000,0055D0000035mZTQAY,2020-02-28T13:24:16.000+0000,,,2837241354078,2007,a025D00000A0aD1QAJ
a015D00000AOU8cQAH,0055D0000035mZTQAY,,鶏鏨師,2020-02-28T13:06:34.000+0000,0055D0000035mZTQAY,2020-02-28T13:24:15.000+0000,0055D0000035mZTQAY,2020-02-28T13:24:16.000+0000,,,3660876528372,2006,a025D00000A0aDNQAZ
a015D00000AOU8dQAH,0055D0000035mZTQAY,,されどコンビニ 人間,2020-02-28T13:06:34.000+0000,0055D0000035mZTQAY,2020-02-28T13:24:15.000+0000,0055D0000035mZTQAY,2020-02-28T13:24:16.000+0000,,,7701266402413,2008,a025D00000A0aDJQAZ
a015D00000AOU8eQAH,0055D0000035mZTQAY,,御苦労孤独,2020-02-28T13:06:34.000+0000,0055D0000035mZTQAY,2020-02-28T13:24:15.000+0000,0055D0000035mZTQAY,2020-02-28T13:24:16.000+0000,,,5104368610720,2006,a025D00000A0aD1QAJ
a015D00000AOU8fQAH,0055D0000035mZTQAY,,乳と男,2020-02-28T13:06:34.000+0000,0055D0000035mZTQAY,2020-02-28T13:24:15.000+0000,0055D0000035mZTQAY,2020-02-28T13:24:16.000+0000,,,0152355527578,2001,a025D00000A0aDHQAZ
a015D00000AOU8gQAH,0055D0000035mZTQAY,,パーク踏む,2020-02-28T13:06:34.000+0000,0055D0000035mZTQAY,2020-02-28T13:24:15.000+0000,0055D0000035mZTQAY,2020-02-28T13:24:16.000+0000,,,0830574818448,2000,a025D00000A0aD1QAJ
a015D00000AOU8hQAH,0055D0000035mZTQAY,,受け来たＣＯＯ,2020-02-28T13:06:34.000+0000,0055D0000035mZTQAY,2020-02-28T13:24:15.000+0000,0055D0000035mZTQAY,2020-02-28T13:24:16.000+0000,,,4435180022455,2005,a025D00000A0aD0QAJ
a015D00000AOU8iQAH,0055D0000035mZTQAY,,プレオー８の煙,2020-02-28T13:06:34.000+0000,0055D0000035mZTQAY,2020-02-28T13:24:15.000+0000,0055D0000035mZTQAY,2020-02-28T13:24:16.000+0000,,,7033731685815,2003,a025D00000A0aDKQAZ
a015D00000AOU8jQAH,0055D0000035mZTQAY,,火垂るの小景,2020-02-28T13:06:34.000+0000,0055D0000035mZTQAY,2020-02-28T13:24:15.000+0000,0055D0000035mZTQAY,2020-02-28T13:24:16.000+0000,,,2056372610681,2002,a025D00000A0aDIQAZ
a015D00000AOU8kQAH,0055D0000035mZTQAY,,青春蝶,2020-02-28T13:06:34.000+0000,0055D0000035mZTQAY,2020-02-28T13:24:15.000+0000,0055D0000035mZTQAY,2020-02-28T13:24:16.000+0000,,,0372026425152,2007,a025D00000A0aD0QAJ
a015D00000AOU8lQAH,0055D0000035mZTQAY,,モッキングバードのパーティー,2020-02-28T13:06:34.000+0000,0055D0000035mZTQAY,2020-02-28T13:24:15.000+0000,0055D0000035mZTQAY,2020-02-28T13:24:16.000+0000,,,8253033835881,2002,a025D00000A0aC8QAJ
a015D00000AOU8mQAH,0055D0000035mZTQAY,,海の桐,2020-02-28T13:06:34.000+0000,0055D0000035mZTQAY,2020-02-28T13:24:15.000+0000,0055D0000035mZTQAY,2020-02-28T13:24:16.000+0000,,,1453252770177,2007,a025D00000A0aD0QAJ
a015D00000AOU8nQAH,0055D0000035mZTQAY,,赤頭巾ちゃんラバーズオンリー,2020-02-28T13:06:34.000+0000,0055D0000035mZTQAY,2020-02-28T13:24:15.000+0000,0055D0000035mZTQAY,2020-02-28T13:24:16.000+0000,,,2713464517813,2003,a025D00000A0aD4QAJ
a015D00000AOU8oQAH,0055D0000035mZTQAY,,蒲田仲間,2020-02-28T13:06:34.000+0000,0055D0000035mZTQAY,2020-02-28T13:24:15.000+0000,0055D0000035mZTQAY,2020-02-28T13:24:16.000+0000,,,0576023650351,2003,a025D00000A0aDFQAZ
a015D00000AOU8pQAH,0055D0000035mZTQAY,,ポトスライムの我にあり,2020-02-28T13:06:34.000+0000,0055D0000035mZTQAY,2020-02-28T13:24:15.000+0000,0055D0000035mZTQAY,2020-02-28T13:24:16.000+0000,,,1058133734033,2003,a025D00000A0aCxQAJ
a015D00000AOU8qQAH,0055D0000035mZTQAY,,テロリストの卵,2020-02-28T13:06:34.000+0000,0055D0000035mZTQAY,2020-02-28T13:24:15.000+0000,0055D0000035mZTQAY,2020-02-28T13:24:16.000+0000,,,7817764435710,2008,a025D00000A0aD5QAJ
a015D00000AOU8rQAH,0055D0000035mZTQAY,,張少子のつるぎ,2020-02-28T13:06:34.000+0000,0055D0000035mZTQAY,2020-02-28T13:24:15.000+0000,0055D0000035mZTQAY,2020-02-28T13:24:16.000+0000,,,1423427411088,2007,a025D00000A0aD5QAJ
a015D00000AOU8sQAH,0055D0000035mZTQAY,,馬淵アメリカ,2020-02-28T13:06:34.000+0000,0055D0000035mZTQAY,2020-02-28T13:24:15.000+0000,0055D0000035mZTQAY,2020-02-28T13:24:16.000+0000,,,0827180716200,2003,a025D00000A0aD5QAJ
a015D00000AOU8tQAH,0055D0000035mZTQAY,,蒼ざめたアメリカ,2020-02-28T13:06:34.000+0000,0055D0000035mZTQAY,2020-02-28T13:24:15.000+0000,0055D0000035mZTQAY,2020-02-28T13:24:16.000+0000,,,4783258735412,2008,a025D00000A0aDCQAZ
a015D00000AOU8uQAH,0055D0000035mZTQAY,,風流死んでいない 者,2020-02-28T13:06:34.000+0000,0055D0000035mZTQAY,2020-02-28T13:24:15.000+0000,0055D0000035mZTQAY,2020-02-28T13:24:16.000+0000,,,8136432573235,2006,a025D00000A0aD0QAJ
a015D00000AOU8vQAH,0055D0000035mZTQAY,,オキナワの行進曲,2020-02-28T13:06:34.000+0000,0055D0000035mZTQAY,2020-02-28T13:24:15.000+0000,0055D0000035mZTQAY,2020-02-28T13:24:16.000+0000,,,1503027755013,2002,a025D00000A0aD8QAJ
a015D00000AOU8wQAH,0055D0000035mZTQAY,,対岸の等伯,2020-02-28T13:06:34.000+0000,0055D0000035mZTQAY,2020-02-28T13:24:15.000+0000,0055D0000035mZTQAY,2020-02-28T13:24:16.000+0000,,,2344404588817,2007,a025D00000A0aD6QAJ
a015D00000AOU8xQAH,0055D0000035mZTQAY,,雁のまんま,2020-02-28T13:06:34.000+0000,0055D0000035mZTQAY,2020-02-28T13:24:15.000+0000,0055D0000035mZTQAY,2020-02-28T13:24:16.000+0000,,,5653004380606,2006,a025D00000A0aDFQAZ
a015D00000AOU8yQAH,0055D0000035mZTQAY,,人間万事異邦人,2020-02-28T13:06:34.000+0000,0055D0000035mZTQAY,2020-02-28T13:24:15.000+0000,0055D0000035mZTQAY,2020-02-28T13:24:16.000+0000,,,2046227533517,2007,a025D00000A0aDGQAZ
a015D00000AOU8zQAH,0055D0000035mZTQAY,,悪い何,2020-02-28T13:06:34.000+0000,0055D0000035mZTQAY,2020-02-28T13:24:15.000+0000,0055D0000035mZTQAY,2020-02-28T13:24:16.000+0000,,,5107520657816,2005,a025D00000A0aDNQAZ
a015D00000AOU90QAH,0055D0000035mZTQAY,,少年のパラソル,2020-02-28T13:06:34.000+0000,0055D0000035mZTQAY,2020-02-28T13:24:15.000+0000,0055D0000035mZTQAY,2020-02-28T13:24:16.000+0000,,,8734465652887,2002,a025D00000A0aDGQAZ
a015D00000AOU91QAH,0055D0000035mZTQAY,,蛇に錦城,2020-02-28T13:06:34.000+0000,0055D0000035mZTQAY,2020-02-28T13:24:15.000+0000,0055D0000035mZTQAY,2020-02-28T13:24:16.000+0000,,,0308521355044,2000,a025D00000A0aD6QAJ
a015D00000AOU92QAH,0055D0000035mZTQAY,,マークスの犬,2020-02-28T13:06:34.000+0000,0055D0000035mZTQAY,2020-02-28T13:24:15.000+0000,0055D0000035mZTQAY,2020-02-28T13:24:16.000+0000,,,3162535510505,2002,a025D00000A0aD7QAJ
a015D00000AOU93QAH,0055D0000035mZTQAY,,私の夜明け,2020-02-28T13:06:34.000+0000,0055D0000035mZTQAY,2020-02-28T13:24:15.000+0000,0055D0000035mZTQAY,2020-02-28T13:24:16.000+0000,,,6586270070204,2007,a025D00000A0aDMQAZ
a015D00000AOU94QAH,0055D0000035mZTQAY,,猛スピードで雁立,2020-02-28T13:06:34.000+0000,0055D0000035mZTQAY,2020-02-28T13:24:15.000+0000,0055D0000035mZTQAY,2020-02-28T13:24:16.000+0000,,,0034086703588,2002,a025D00000A0aCzQAJ
a015D00000AOU95QAH,0055D0000035mZTQAY,,乳と石川五右衛門,2020-02-28T13:06:34.000+0000,0055D0000035mZTQAY,2020-02-28T13:24:15.000+0000,0055D0000035mZTQAY,2020-02-28T13:24:16.000+0000,2020-02-28T13:24:47.000+0000,2020-02-28T13:24:47.000+0000,3533170562108,2004,a025D00000A0aDGQAZ
a015D00000AOU96QAH,0055D0000035mZTQAY,,異類間に合えば,2020-02-28T13:06:34.000+0000,0055D0000035mZTQAY,2020-02-28T13:24:15.000+0000,0055D0000035mZTQAY,2020-02-28T13:24:16.000+0000,,,3721017165000,2006,a025D00000A0aD8QAJ
a015D00000AOU97QAH,0055D0000035mZTQAY,,鬼の献身,2020-02-28T13:06:34.000+0000,0055D0000035mZTQAY,2020-02-28T13:24:15.000+0000,0055D0000035mZTQAY,2020-02-28T13:24:16.000+0000,,,4023860202021,2007,a025D00000A0aDBQAZ
a015D00000AOU98QAH,0055D0000035mZTQAY,,鈴木ムシ,2020-02-28T13:06:34.000+0000,0055D0000035mZTQAY,2020-02-28T13:24:15.000+0000,0055D0000035mZTQAY,2020-02-28T13:24:16.000+0000,,,7588216263221,2004,a025D00000A0aDIQAZ
a015D00000AOU99QAH,0055D0000035mZTQAY,,ベティさんの城外,2020-02-28T13:06:34.000+0000,0055D0000035mZTQAY,2020-02-28T13:24:15.000+0000,0055D0000035mZTQAY,2020-02-28T13:24:16.000+0000,,,2654060426341,2000,a025D00000A0aD0QAJ
a015D00000AOU9AQAX,0055D0000035mZTQAY,,ａｂ恋文,2020-02-28T13:06:34.000+0000,0055D0000035mZTQAY,2020-02-28T13:24:15.000+0000,0055D0000035mZTQAY,2020-02-28T13:24:16.000+0000,2020-02-28T13:30:40.000+0000,2020-02-28T13:30:40.000+0000,6064314588324,2005,a025D00000A0aC8QAJ
a015D00000AOU9BQAX,0055D0000035mZTQAY,,聖桔梗,2020-02-28T13:06:34.000+0000,0055D0000035mZTQAY,2020-02-28T13:24:15.000+0000,0055D0000035mZTQAY,2020-02-28T13:24:16.000+0000,,,7418084103174,2000,a025D00000A0aDOQAZ
a015D00000AOU9CQAX,0055D0000035mZTQAY,,厚物我にあり,2020-02-28T13:06:34.000+0000,0055D0000035mZTQAY,2020-02-28T13:24:15.000+0000,0055D0000035mZTQAY,2020-02-28T13:24:16.000+0000,,,2416401108665,2005,a025D00000A0aD4QAJ
a015D00000AOU9DQAX,0055D0000035mZTQAY,,光抱く墓,2020-02-28T13:06:34.000+0000,0055D0000035mZTQAY,2020-02-28T13:24:15.000+0000,0055D0000035mZTQAY,2020-02-28T13:24:16.000+0000,,,2408445584747,2000,a025D00000A0aDFQAZ
a015D00000AOU9EQAX,0055D0000035mZTQAY,,春の踏む,2020-02-28T13:06:34.000+0000,0055D0000035mZTQAY,2020-02-28T13:24:15.000+0000,0055D0000035mZTQAY,2020-02-28T13:24:16.000+0000,,,2137586385323,2003,a025D00000A0aDNQAZ
a015D00000AOU9FQAX,0055D0000035mZTQAY,,漂泊者のまんま,2020-02-28T13:06:34.000+0000,0055D0000035mZTQAY,2020-02-28T13:24:15.000+0000,0055D0000035mZTQAY,2020-02-28T13:24:16.000+0000,,,2467863084420,2005,a025D00000A0aDNQAZ
a015D00000AOU9GQAX,0055D0000035mZTQAY,,この人の離婚,2020-02-28T13:06:34.000+0000,0055D0000035mZTQAY,2020-02-28T13:24:15.000+0000,0055D0000035mZTQAY,2020-02-28T13:24:16.000+0000,,,0571384616345,2006,a025D00000A0aCyQAJ
a015D00000AOU9HQAX,0055D0000035mZTQAY,,アメリカ帽子,2020-02-28T13:06:34.000+0000,0055D0000035mZTQAY,2020-02-28T13:24:15.000+0000,0055D0000035mZTQAY,2020-02-28T13:24:16.000+0000,,,2274345227685,2001,a025D00000A0aDMQAZ
a015D00000AOU9IQAX,0055D0000035mZTQAY,,年の卵,2020-02-28T13:06:34.000+0000,0055D0000035mZTQAY,2020-02-28T13:24:15.000+0000,0055D0000035mZTQAY,2020-02-28T13:24:16.000+0000,,,3202578350416,2004,a025D00000A0aD8QAJ
a015D00000AOU4uQAH,0055D0000035mZTQAY,,夢をかなえるゾウ,2020-02-28T12:15:28.000+0000,0055D0000035mZTQAY,2020-02-28T13:24:15.000+0000,0055D0000035mZTQAY,2020-02-28T13:24:16.000+0000,2020-02-28T13:33:20.000+0000,2020-02-28T13:33:20.000+0000,4870318059,2007,a025D00000A0aDBQAZ
